image_id,identity
3,LynxID2025_lynx_98
5,LynxID2025_lynx_16
12,LynxID2025_lynx_54
13,LynxID2025_lynx_05
18,LynxID2025_lynx_45
19,new_individual
27,new_individual
33,LynxID2025_lynx_62
36,LynxID2025_lynx_54
45,new_individual
46,LynxID2025_lynx_28
47,new_individual
48,LynxID2025_lynx_32
49,LynxID2025_lynx_32
55,LynxID2025_lynx_32
58,LynxID2025_lynx_49
61,LynxID2025_lynx_03
62,LynxID2025_lynx_91
63,LynxID2025_lynx_43
64,new_individual
65,new_individual
67,LynxID2025_lynx_94
68,LynxID2025_lynx_62
74,LynxID2025_lynx_65
81,LynxID2025_lynx_43
84,LynxID2025_lynx_28
85,LynxID2025_lynx_32
86,LynxID2025_lynx_62
89,LynxID2025_lynx_49
90,LynxID2025_lynx_86
94,new_individual
97,LynxID2025_lynx_43
98,LynxID2025_lynx_18
106,LynxID2025_lynx_32
113,LynxID2025_lynx_32
123,LynxID2025_lynx_97
124,LynxID2025_lynx_43
126,LynxID2025_lynx_65
131,LynxID2025_lynx_05
137,LynxID2025_lynx_43
139,LynxID2025_lynx_49
145,new_individual
150,LynxID2025_lynx_50
163,LynxID2025_lynx_95
166,LynxID2025_lynx_38
167,LynxID2025_lynx_62
168,LynxID2025_lynx_98
171,LynxID2025_lynx_16
173,LynxID2025_lynx_32
182,LynxID2025_lynx_32
183,new_individual
186,LynxID2025_lynx_29
188,LynxID2025_lynx_88
190,LynxID2025_lynx_03
192,LynxID2025_lynx_36
195,new_individual
202,LynxID2025_lynx_49
203,LynxID2025_lynx_32
205,LynxID2025_lynx_31
209,LynxID2025_lynx_74
210,LynxID2025_lynx_08
213,LynxID2025_lynx_32
216,LynxID2025_lynx_49
219,LynxID2025_lynx_62
221,LynxID2025_lynx_98
228,LynxID2025_lynx_75
231,LynxID2025_lynx_60
240,new_individual
242,new_individual
245,LynxID2025_lynx_97
264,LynxID2025_lynx_74
266,LynxID2025_lynx_95
273,LynxID2025_lynx_32
276,LynxID2025_lynx_86
280,LynxID2025_lynx_40
282,LynxID2025_lynx_62
286,LynxID2025_lynx_75
289,LynxID2025_lynx_05
293,LynxID2025_lynx_40
294,LynxID2025_lynx_45
296,LynxID2025_lynx_50
311,LynxID2025_lynx_32
312,LynxID2025_lynx_62
315,LynxID2025_lynx_25
338,LynxID2025_lynx_50
347,LynxID2025_lynx_05
357,LynxID2025_lynx_25
359,LynxID2025_lynx_97
361,LynxID2025_lynx_49
366,LynxID2025_lynx_62
368,LynxID2025_lynx_49
373,LynxID2025_lynx_32
375,LynxID2025_lynx_07
378,LynxID2025_lynx_93
380,LynxID2025_lynx_29
397,LynxID2025_lynx_74
411,LynxID2025_lynx_86
415,LynxID2025_lynx_32
422,LynxID2025_lynx_05
423,LynxID2025_lynx_32
424,LynxID2025_lynx_57
427,LynxID2025_lynx_45
429,new_individual
431,LynxID2025_lynx_62
432,LynxID2025_lynx_16
437,LynxID2025_lynx_60
439,LynxID2025_lynx_32
443,LynxID2025_lynx_86
454,LynxID2025_lynx_05
459,LynxID2025_lynx_49
465,LynxID2025_lynx_05
469,LynxID2025_lynx_75
470,new_individual
474,LynxID2025_lynx_13
475,LynxID2025_lynx_93
478,LynxID2025_lynx_86
479,new_individual
480,LynxID2025_lynx_46
481,LynxID2025_lynx_03
482,LynxID2025_lynx_74
491,LynxID2025_lynx_49
494,new_individual
500,LynxID2025_lynx_49
501,LynxID2025_lynx_91
507,LynxID2025_lynx_28
509,LynxID2025_lynx_43
512,new_individual
515,LynxID2025_lynx_37
516,new_individual
519,LynxID2025_lynx_29
520,LynxID2025_lynx_49
522,new_individual
524,LynxID2025_lynx_76
526,LynxID2025_lynx_35
530,LynxID2025_lynx_43
537,LynxID2025_lynx_41
544,LynxID2025_lynx_29
547,LynxID2025_lynx_49
549,LynxID2025_lynx_60
551,LynxID2025_lynx_49
552,LynxID2025_lynx_93
555,LynxID2025_lynx_49
559,new_individual
562,LynxID2025_lynx_05
565,LynxID2025_lynx_25
567,LynxID2025_lynx_32
569,LynxID2025_lynx_32
570,LynxID2025_lynx_35
573,LynxID2025_lynx_13
577,LynxID2025_lynx_45
578,LynxID2025_lynx_40
579,new_individual
580,LynxID2025_lynx_43
583,LynxID2025_lynx_95
584,LynxID2025_lynx_29
588,LynxID2025_lynx_31
589,LynxID2025_lynx_86
591,new_individual
592,LynxID2025_lynx_38
594,LynxID2025_lynx_65
595,LynxID2025_lynx_25
599,LynxID2025_lynx_94
602,LynxID2025_lynx_94
603,LynxID2025_lynx_50
611,LynxID2025_lynx_46
620,new_individual
625,LynxID2025_lynx_54
626,LynxID2025_lynx_74
628,LynxID2025_lynx_31
630,LynxID2025_lynx_28
636,LynxID2025_lynx_05
643,LynxID2025_lynx_32
645,LynxID2025_lynx_29
648,LynxID2025_lynx_49
649,LynxID2025_lynx_95
651,new_individual
655,new_individual
656,new_individual
662,LynxID2025_lynx_36
669,LynxID2025_lynx_62
670,LynxID2025_lynx_32
672,LynxID2025_lynx_88
673,LynxID2025_lynx_50
676,LynxID2025_lynx_17
678,LynxID2025_lynx_05
683,LynxID2025_lynx_95
685,LynxID2025_lynx_32
690,LynxID2025_lynx_25
694,new_individual
699,LynxID2025_lynx_54
704,LynxID2025_lynx_60
707,LynxID2025_lynx_86
711,LynxID2025_lynx_05
712,LynxID2025_lynx_62
713,LynxID2025_lynx_45
715,new_individual
719,LynxID2025_lynx_13
722,LynxID2025_lynx_31
724,LynxID2025_lynx_29
726,LynxID2025_lynx_50
730,LynxID2025_lynx_49
734,LynxID2025_lynx_76
735,LynxID2025_lynx_77
738,LynxID2025_lynx_43
739,LynxID2025_lynx_49
741,new_individual
749,LynxID2025_lynx_43
750,new_individual
751,new_individual
753,LynxID2025_lynx_50
760,LynxID2025_lynx_49
761,LynxID2025_lynx_49
764,new_individual
766,LynxID2025_lynx_49
770,LynxID2025_lynx_50
776,LynxID2025_lynx_46
781,LynxID2025_lynx_32
782,LynxID2025_lynx_62
784,LynxID2025_lynx_28
786,LynxID2025_lynx_32
787,LynxID2025_lynx_49
790,LynxID2025_lynx_62
791,LynxID2025_lynx_41
793,LynxID2025_lynx_45
794,LynxID2025_lynx_32
795,LynxID2025_lynx_49
797,LynxID2025_lynx_95
798,LynxID2025_lynx_93
800,new_individual
804,LynxID2025_lynx_32
808,LynxID2025_lynx_40
817,LynxID2025_lynx_35
819,LynxID2025_lynx_45
824,LynxID2025_lynx_74
840,LynxID2025_lynx_50
849,LynxID2025_lynx_43
855,LynxID2025_lynx_05
859,LynxID2025_lynx_86
865,new_individual
871,LynxID2025_lynx_32
872,LynxID2025_lynx_32
874,new_individual
881,LynxID2025_lynx_03
886,LynxID2025_lynx_62
887,LynxID2025_lynx_93
893,LynxID2025_lynx_46
897,new_individual
904,LynxID2025_lynx_62
907,new_individual
915,LynxID2025_lynx_32
917,LynxID2025_lynx_62
920,LynxID2025_lynx_86
939,LynxID2025_lynx_49
941,LynxID2025_lynx_05
945,LynxID2025_lynx_95
951,LynxID2025_lynx_32
962,new_individual
963,LynxID2025_lynx_94
964,LynxID2025_lynx_28
969,LynxID2025_lynx_62
980,LynxID2025_lynx_62
983,LynxID2025_lynx_86
985,LynxID2025_lynx_46
990,LynxID2025_lynx_49
991,LynxID2025_lynx_75
992,LynxID2025_lynx_49
994,LynxID2025_lynx_31
995,LynxID2025_lynx_31
1000,new_individual
1001,LynxID2025_lynx_43
1005,LynxID2025_lynx_49
1006,LynxID2025_lynx_49
1008,LynxID2025_lynx_62
1011,new_individual
1012,new_individual
1013,LynxID2025_lynx_73
1019,LynxID2025_lynx_63
1021,LynxID2025_lynx_32
1031,LynxID2025_lynx_95
1034,LynxID2025_lynx_86
1039,LynxID2025_lynx_60
1042,LynxID2025_lynx_32
1045,new_individual
1046,LynxID2025_lynx_31
1047,LynxID2025_lynx_49
1048,LynxID2025_lynx_94
1053,LynxID2025_lynx_65
1055,new_individual
1057,LynxID2025_lynx_25
1060,LynxID2025_lynx_43
1064,LynxID2025_lynx_49
1065,LynxID2025_lynx_50
1068,LynxID2025_lynx_28
1069,new_individual
1071,LynxID2025_lynx_64
1075,LynxID2025_lynx_94
1089,LynxID2025_lynx_11
1090,LynxID2025_lynx_49
1094,LynxID2025_lynx_49
1095,LynxID2025_lynx_63
1096,LynxID2025_lynx_43
1107,LynxID2025_lynx_32
1108,new_individual
1111,LynxID2025_lynx_62
1115,LynxID2025_lynx_62
1119,LynxID2025_lynx_32
1120,new_individual
1122,LynxID2025_lynx_62
1131,LynxID2025_lynx_62
1135,LynxID2025_lynx_60
1137,new_individual
1139,LynxID2025_lynx_32
1143,LynxID2025_lynx_32
1147,LynxID2025_lynx_95
1153,LynxID2025_lynx_74
1154,LynxID2025_lynx_05
1162,new_individual
1163,new_individual
1164,LynxID2025_lynx_32
1175,LynxID2025_lynx_95
1182,new_individual
1191,LynxID2025_lynx_28
1192,LynxID2025_lynx_86
1197,LynxID2025_lynx_29
1198,LynxID2025_lynx_54
1203,LynxID2025_lynx_54
1205,LynxID2025_lynx_28
1207,LynxID2025_lynx_62
1209,LynxID2025_lynx_62
1211,LynxID2025_lynx_32
1213,LynxID2025_lynx_38
1214,new_individual
1221,new_individual
1223,new_individual
1225,LynxID2025_lynx_86
1232,LynxID2025_lynx_32
1233,new_individual
1234,LynxID2025_lynx_32
1235,new_individual
1237,LynxID2025_lynx_43
1245,LynxID2025_lynx_05
1247,LynxID2025_lynx_45
1248,new_individual
1249,LynxID2025_lynx_31
1255,LynxID2025_lynx_95
1259,LynxID2025_lynx_74
1264,new_individual
1266,LynxID2025_lynx_75
1267,LynxID2025_lynx_31
1270,new_individual
1271,LynxID2025_lynx_50
1277,LynxID2025_lynx_43
1278,LynxID2025_lynx_05
1280,LynxID2025_lynx_73
1288,new_individual
1297,LynxID2025_lynx_65
1309,LynxID2025_lynx_33
1311,LynxID2025_lynx_63
1313,LynxID2025_lynx_49
1318,LynxID2025_lynx_60
1322,LynxID2025_lynx_94
1325,LynxID2025_lynx_94
1330,LynxID2025_lynx_62
1335,LynxID2025_lynx_03
1343,LynxID2025_lynx_86
1345,LynxID2025_lynx_64
1349,LynxID2025_lynx_32
1351,LynxID2025_lynx_95
1353,LynxID2025_lynx_50
1363,LynxID2025_lynx_05
1367,LynxID2025_lynx_50
1368,LynxID2025_lynx_86
1370,LynxID2025_lynx_25
1371,LynxID2025_lynx_45
1375,LynxID2025_lynx_31
1385,new_individual
1388,LynxID2025_lynx_49
1392,LynxID2025_lynx_87
1394,LynxID2025_lynx_25
1399,LynxID2025_lynx_28
1403,LynxID2025_lynx_62
1406,new_individual
1410,LynxID2025_lynx_60
1413,LynxID2025_lynx_32
1416,LynxID2025_lynx_43
1421,LynxID2025_lynx_32
1425,LynxID2025_lynx_94
1427,LynxID2025_lynx_54
1428,new_individual
1431,LynxID2025_lynx_50
1432,LynxID2025_lynx_25
1433,new_individual
1439,LynxID2025_lynx_43
1441,LynxID2025_lynx_40
1444,LynxID2025_lynx_36
1447,LynxID2025_lynx_65
1453,LynxID2025_lynx_49
1454,LynxID2025_lynx_13
1455,LynxID2025_lynx_32
1457,LynxID2025_lynx_62
1465,LynxID2025_lynx_54
1466,LynxID2025_lynx_45
1474,LynxID2025_lynx_29
1475,LynxID2025_lynx_98
1491,LynxID2025_lynx_63
1492,LynxID2025_lynx_45
1493,LynxID2025_lynx_49
1494,LynxID2025_lynx_05
1504,LynxID2025_lynx_13
1509,LynxID2025_lynx_54
1513,LynxID2025_lynx_45
1525,LynxID2025_lynx_86
1526,LynxID2025_lynx_97
1527,new_individual
1538,LynxID2025_lynx_86
1539,LynxID2025_lynx_49
1541,LynxID2025_lynx_62
1545,LynxID2025_lynx_05
1546,LynxID2025_lynx_43
1547,LynxID2025_lynx_91
1550,LynxID2025_lynx_79
1557,LynxID2025_lynx_25
1559,new_individual
1566,LynxID2025_lynx_41
1573,LynxID2025_lynx_05
1574,LynxID2025_lynx_00
1575,LynxID2025_lynx_74
1578,LynxID2025_lynx_13
1580,LynxID2025_lynx_74
1583,new_individual
1585,LynxID2025_lynx_74
1586,new_individual
1588,new_individual
1592,LynxID2025_lynx_54
1594,LynxID2025_lynx_40
1596,new_individual
1600,LynxID2025_lynx_60
1607,LynxID2025_lynx_49
1610,new_individual
1612,LynxID2025_lynx_32
1615,LynxID2025_lynx_91
1616,LynxID2025_lynx_32
1619,LynxID2025_lynx_49
1621,LynxID2025_lynx_58
1625,LynxID2025_lynx_05
1628,LynxID2025_lynx_25
1631,LynxID2025_lynx_32
1632,new_individual
1641,LynxID2025_lynx_75
1643,LynxID2025_lynx_17
1651,LynxID2025_lynx_62
1652,LynxID2025_lynx_32
1659,LynxID2025_lynx_05
1660,LynxID2025_lynx_32
1666,LynxID2025_lynx_40
1673,LynxID2025_lynx_62
1674,LynxID2025_lynx_46
1681,LynxID2025_lynx_46
1684,LynxID2025_lynx_32
1688,LynxID2025_lynx_87
1689,LynxID2025_lynx_74
1694,LynxID2025_lynx_41
1701,LynxID2025_lynx_40
1704,LynxID2025_lynx_49
1714,LynxID2025_lynx_60
1725,LynxID2025_lynx_60
1726,new_individual
1728,new_individual
1735,LynxID2025_lynx_49
1743,LynxID2025_lynx_49
1744,LynxID2025_lynx_74
1749,LynxID2025_lynx_49
1759,LynxID2025_lynx_50
1774,LynxID2025_lynx_94
1776,LynxID2025_lynx_87
1777,LynxID2025_lynx_29
1790,LynxID2025_lynx_74
1795,LynxID2025_lynx_62
1804,LynxID2025_lynx_32
1806,LynxID2025_lynx_41
1812,LynxID2025_lynx_54
1818,LynxID2025_lynx_49
1820,LynxID2025_lynx_49
1823,LynxID2025_lynx_32
1829,LynxID2025_lynx_86
1834,LynxID2025_lynx_43
1835,LynxID2025_lynx_95
1836,LynxID2025_lynx_32
1840,LynxID2025_lynx_58
1843,LynxID2025_lynx_94
1854,LynxID2025_lynx_32
1861,LynxID2025_lynx_11
1867,LynxID2025_lynx_75
1869,LynxID2025_lynx_49
1870,new_individual
1871,LynxID2025_lynx_86
1873,LynxID2025_lynx_43
1874,LynxID2025_lynx_32
1878,LynxID2025_lynx_49
1892,LynxID2025_lynx_65
1894,new_individual
1897,LynxID2025_lynx_85
1899,LynxID2025_lynx_43
1901,LynxID2025_lynx_62
1903,LynxID2025_lynx_62
1913,LynxID2025_lynx_38
1917,LynxID2025_lynx_95
1921,LynxID2025_lynx_62
1923,LynxID2025_lynx_43
1925,new_individual
1930,LynxID2025_lynx_32
1935,LynxID2025_lynx_49
1936,LynxID2025_lynx_32
1937,LynxID2025_lynx_54
1939,LynxID2025_lynx_46
1941,new_individual
1943,LynxID2025_lynx_32
1945,LynxID2025_lynx_32
1951,LynxID2025_lynx_25
1955,LynxID2025_lynx_63
1957,LynxID2025_lynx_74
1961,LynxID2025_lynx_62
1965,LynxID2025_lynx_98
1969,LynxID2025_lynx_49
1971,LynxID2025_lynx_50
1975,new_individual
1981,LynxID2025_lynx_32
1985,LynxID2025_lynx_62
1991,LynxID2025_lynx_62
2005,LynxID2025_lynx_86
2007,LynxID2025_lynx_54
2008,LynxID2025_lynx_45
2014,LynxID2025_lynx_49
2029,LynxID2025_lynx_62
2030,LynxID2025_lynx_54
2035,LynxID2025_lynx_25
2037,LynxID2025_lynx_74
2038,LynxID2025_lynx_91
2040,LynxID2025_lynx_32
2044,LynxID2025_lynx_64
2049,LynxID2025_lynx_32
2057,LynxID2025_lynx_43
2058,LynxID2025_lynx_45
2078,LynxID2025_lynx_49
2079,LynxID2025_lynx_46
2081,LynxID2025_lynx_54
2082,new_individual
2086,LynxID2025_lynx_74
2090,LynxID2025_lynx_74
2091,LynxID2025_lynx_62
2105,LynxID2025_lynx_62
2106,LynxID2025_lynx_49
2107,LynxID2025_lynx_50
2110,LynxID2025_lynx_73
2117,new_individual
2118,LynxID2025_lynx_25
2119,LynxID2025_lynx_49
2124,LynxID2025_lynx_49
2127,LynxID2025_lynx_43
2129,LynxID2025_lynx_62
2136,LynxID2025_lynx_93
2137,LynxID2025_lynx_41
2144,new_individual
2146,LynxID2025_lynx_95
2151,LynxID2025_lynx_95
2161,LynxID2025_lynx_25
2164,LynxID2025_lynx_32
2166,LynxID2025_lynx_88
2169,LynxID2025_lynx_62
2170,LynxID2025_lynx_49
2174,LynxID2025_lynx_62
2178,LynxID2025_lynx_49
2184,LynxID2025_lynx_62
2190,LynxID2025_lynx_49
2196,LynxID2025_lynx_32
2198,LynxID2025_lynx_11
2200,LynxID2025_lynx_95
2205,LynxID2025_lynx_35
2207,LynxID2025_lynx_25
2208,LynxID2025_lynx_62
2219,LynxID2025_lynx_86
2220,LynxID2025_lynx_50
2222,LynxID2025_lynx_41
2226,new_individual
2228,LynxID2025_lynx_31
2231,new_individual
2232,new_individual
2235,LynxID2025_lynx_31
2246,LynxID2025_lynx_73
2248,LynxID2025_lynx_32
2257,new_individual
2265,LynxID2025_lynx_49
2268,LynxID2025_lynx_32
2272,LynxID2025_lynx_45
2283,new_individual
2290,LynxID2025_lynx_46
2292,new_individual
2293,LynxID2025_lynx_87
2294,LynxID2025_lynx_31
2301,LynxID2025_lynx_43
2303,new_individual
2307,LynxID2025_lynx_25
2313,LynxID2025_lynx_97
2320,LynxID2025_lynx_62
2322,LynxID2025_lynx_05
2324,LynxID2025_lynx_05
2326,LynxID2025_lynx_41
2330,LynxID2025_lynx_45
2336,LynxID2025_lynx_95
2338,LynxID2025_lynx_49
2343,LynxID2025_lynx_86
2369,LynxID2025_lynx_56
2375,LynxID2025_lynx_32
2379,new_individual
2385,LynxID2025_lynx_49
2388,new_individual
2389,new_individual
2390,LynxID2025_lynx_74
2399,LynxID2025_lynx_87
2403,LynxID2025_lynx_28
2404,new_individual
2406,new_individual
2408,new_individual
2409,LynxID2025_lynx_05
2411,LynxID2025_lynx_94
2426,LynxID2025_lynx_73
2435,LynxID2025_lynx_05
2437,new_individual
2441,LynxID2025_lynx_49
2469,LynxID2025_lynx_86
2472,LynxID2025_lynx_91
2473,new_individual
2477,LynxID2025_lynx_00
2478,LynxID2025_lynx_40
2487,LynxID2025_lynx_62
2491,LynxID2025_lynx_76
2495,LynxID2025_lynx_31
2496,LynxID2025_lynx_95
2501,LynxID2025_lynx_62
2511,LynxID2025_lynx_28
2512,LynxID2025_lynx_86
2518,LynxID2025_lynx_40
2525,LynxID2025_lynx_62
2527,LynxID2025_lynx_43
2529,LynxID2025_lynx_60
2530,LynxID2025_lynx_49
2534,LynxID2025_lynx_62
2544,LynxID2025_lynx_86
2545,LynxID2025_lynx_92
2546,new_individual
2549,LynxID2025_lynx_32
2552,LynxID2025_lynx_32
2554,LynxID2025_lynx_95
2555,new_individual
2562,LynxID2025_lynx_60
2564,LynxID2025_lynx_74
2580,LynxID2025_lynx_31
2591,LynxID2025_lynx_43
2592,LynxID2025_lynx_88
2601,LynxID2025_lynx_54
2606,LynxID2025_lynx_49
2613,LynxID2025_lynx_32
2625,LynxID2025_lynx_62
2626,LynxID2025_lynx_40
2631,LynxID2025_lynx_31
2638,LynxID2025_lynx_62
2643,LynxID2025_lynx_98
2644,LynxID2025_lynx_31
2648,LynxID2025_lynx_73
2654,LynxID2025_lynx_79
2655,LynxID2025_lynx_45
2657,new_individual
2687,LynxID2025_lynx_95
2689,LynxID2025_lynx_49
2705,LynxID2025_lynx_32
2706,LynxID2025_lynx_54
2709,LynxID2025_lynx_25
2713,new_individual
2718,LynxID2025_lynx_95
2721,LynxID2025_lynx_05
2724,LynxID2025_lynx_43
2725,LynxID2025_lynx_58
2726,LynxID2025_lynx_32
2731,LynxID2025_lynx_74
2733,new_individual
2734,LynxID2025_lynx_27
2744,LynxID2025_lynx_43
2754,new_individual
2758,LynxID2025_lynx_86
2759,LynxID2025_lynx_32
2760,LynxID2025_lynx_32
2770,LynxID2025_lynx_05
2787,new_individual
2789,new_individual
2790,LynxID2025_lynx_45
2794,LynxID2025_lynx_49
2797,LynxID2025_lynx_92
2801,LynxID2025_lynx_28
2803,LynxID2025_lynx_32
2807,LynxID2025_lynx_32
2811,LynxID2025_lynx_32
2812,LynxID2025_lynx_74
2823,LynxID2025_lynx_50
2829,LynxID2025_lynx_31
2831,LynxID2025_lynx_05
2834,LynxID2025_lynx_94
2840,LynxID2025_lynx_16
2841,LynxID2025_lynx_17
2844,LynxID2025_lynx_95
2845,new_individual
2846,LynxID2025_lynx_62
2847,LynxID2025_lynx_49
2848,LynxID2025_lynx_60
2851,LynxID2025_lynx_49
2865,LynxID2025_lynx_62
2871,LynxID2025_lynx_25
2873,LynxID2025_lynx_43
2876,LynxID2025_lynx_74
2889,LynxID2025_lynx_29
2893,new_individual
2894,LynxID2025_lynx_87
2896,LynxID2025_lynx_62
2914,LynxID2025_lynx_95
2920,LynxID2025_lynx_43
2921,LynxID2025_lynx_36
2933,new_individual
2934,LynxID2025_lynx_16
2942,LynxID2025_lynx_62
2948,LynxID2025_lynx_49
2949,LynxID2025_lynx_41
2951,new_individual
2952,LynxID2025_lynx_34
2957,LynxID2025_lynx_11
2961,LynxID2025_lynx_11
2963,LynxID2025_lynx_03
2968,LynxID2025_lynx_45
2973,new_individual
2976,LynxID2025_lynx_54
2978,new_individual
2981,new_individual
2985,LynxID2025_lynx_49
2999,LynxID2025_lynx_32
3001,LynxID2025_lynx_49
3003,LynxID2025_lynx_74
3007,LynxID2025_lynx_75
3013,LynxID2025_lynx_62
3014,LynxID2025_lynx_05
3018,LynxID2025_lynx_95
3020,new_individual
3021,LynxID2025_lynx_86
3027,new_individual
3029,LynxID2025_lynx_05
3032,LynxID2025_lynx_25
3034,LynxID2025_lynx_13
3035,LynxID2025_lynx_38
3036,new_individual
3037,LynxID2025_lynx_49
3038,LynxID2025_lynx_40
3045,LynxID2025_lynx_28
3046,LynxID2025_lynx_45
3055,LynxID2025_lynx_50
3059,new_individual
3069,LynxID2025_lynx_49
3074,LynxID2025_lynx_86
3086,LynxID2025_lynx_43
3090,LynxID2025_lynx_74
3091,new_individual
3097,LynxID2025_lynx_36
3099,new_individual
3106,LynxID2025_lynx_31
3108,LynxID2025_lynx_32
3111,LynxID2025_lynx_31
3116,new_individual
3118,LynxID2025_lynx_63
3130,LynxID2025_lynx_43
3133,LynxID2025_lynx_45
3138,LynxID2025_lynx_87
3142,LynxID2025_lynx_93
3144,LynxID2025_lynx_41
3153,LynxID2025_lynx_34
3155,LynxID2025_lynx_49
3156,LynxID2025_lynx_13
3157,LynxID2025_lynx_97
3167,LynxID2025_lynx_43
3177,LynxID2025_lynx_49
3178,new_individual
3181,new_individual
3183,LynxID2025_lynx_43
3193,LynxID2025_lynx_31
3201,LynxID2025_lynx_60
3204,LynxID2025_lynx_77
3205,LynxID2025_lynx_74
3215,LynxID2025_lynx_85
3217,LynxID2025_lynx_62
3220,LynxID2025_lynx_86
3221,LynxID2025_lynx_05
3222,LynxID2025_lynx_36
3231,new_individual
3232,new_individual
3239,new_individual
3242,new_individual
3245,LynxID2025_lynx_93
3249,LynxID2025_lynx_94
3256,LynxID2025_lynx_32
3259,LynxID2025_lynx_95
3261,LynxID2025_lynx_74
3263,LynxID2025_lynx_49
3267,LynxID2025_lynx_29
3270,LynxID2025_lynx_32
3274,new_individual
3277,LynxID2025_lynx_49
3281,new_individual
3284,LynxID2025_lynx_95
3286,LynxID2025_lynx_32
3287,new_individual
3297,LynxID2025_lynx_31
3305,LynxID2025_lynx_05
3310,LynxID2025_lynx_73
3314,LynxID2025_lynx_43
3323,LynxID2025_lynx_81
3331,LynxID2025_lynx_74
3335,LynxID2025_lynx_50
3338,LynxID2025_lynx_43
3339,LynxID2025_lynx_31
3344,LynxID2025_lynx_97
3348,LynxID2025_lynx_74
3352,LynxID2025_lynx_97
3353,LynxID2025_lynx_32
3356,new_individual
3357,LynxID2025_lynx_28
3358,new_individual
3366,LynxID2025_lynx_32
3372,new_individual
3380,LynxID2025_lynx_11
3382,LynxID2025_lynx_49
3386,LynxID2025_lynx_95
3389,new_individual
3390,LynxID2025_lynx_28
3400,new_individual
3401,LynxID2025_lynx_25
3409,LynxID2025_lynx_62
3412,LynxID2025_lynx_31
3416,LynxID2025_lynx_31
3418,LynxID2025_lynx_41
3420,LynxID2025_lynx_43
3424,LynxID2025_lynx_05
3427,LynxID2025_lynx_95
3429,LynxID2025_lynx_18
3434,LynxID2025_lynx_95
3435,LynxID2025_lynx_86
3436,LynxID2025_lynx_11
3437,LynxID2025_lynx_76
3439,LynxID2025_lynx_45
3441,new_individual
3446,LynxID2025_lynx_74
3449,LynxID2025_lynx_74
3450,LynxID2025_lynx_49
3452,LynxID2025_lynx_43
3469,LynxID2025_lynx_05
3474,LynxID2025_lynx_74
3477,LynxID2025_lynx_43
3480,LynxID2025_lynx_62
3481,LynxID2025_lynx_31
3484,LynxID2025_lynx_32
3487,LynxID2025_lynx_97
3490,LynxID2025_lynx_62
3494,LynxID2025_lynx_50
3497,LynxID2025_lynx_60
3500,LynxID2025_lynx_74
3501,LynxID2025_lynx_32
3502,new_individual
3508,LynxID2025_lynx_03
3511,LynxID2025_lynx_32
3513,LynxID2025_lynx_50
3521,LynxID2025_lynx_62
3524,new_individual
3526,LynxID2025_lynx_62
3529,LynxID2025_lynx_49
3530,LynxID2025_lynx_62
3539,LynxID2025_lynx_32
3540,LynxID2025_lynx_43
3542,LynxID2025_lynx_31
3545,LynxID2025_lynx_62
3548,LynxID2025_lynx_74
3550,LynxID2025_lynx_95
3565,LynxID2025_lynx_62
3566,LynxID2025_lynx_05
3568,new_individual
3570,LynxID2025_lynx_05
3574,new_individual
3582,LynxID2025_lynx_49
3585,new_individual
3595,LynxID2025_lynx_28
3597,LynxID2025_lynx_43
3605,LynxID2025_lynx_43
3626,LynxID2025_lynx_62
3633,LynxID2025_lynx_62
3638,LynxID2025_lynx_49
3643,LynxID2025_lynx_45
3645,LynxID2025_lynx_29
3648,LynxID2025_lynx_74
3654,LynxID2025_lynx_62
3655,LynxID2025_lynx_89
3657,LynxID2025_lynx_60
3660,LynxID2025_lynx_05
3666,LynxID2025_lynx_86
3670,LynxID2025_lynx_95
3672,LynxID2025_lynx_49
3675,LynxID2025_lynx_75
3676,LynxID2025_lynx_95
3677,LynxID2025_lynx_32
3682,LynxID2025_lynx_28
3690,LynxID2025_lynx_75
3691,LynxID2025_lynx_75
3692,LynxID2025_lynx_03
3696,LynxID2025_lynx_32
3698,LynxID2025_lynx_31
3706,LynxID2025_lynx_49
3725,new_individual
3727,LynxID2025_lynx_97
3729,new_individual
3739,LynxID2025_lynx_46
3749,LynxID2025_lynx_46
3750,LynxID2025_lynx_88
3762,LynxID2025_lynx_77
3763,LynxID2025_lynx_05
3766,LynxID2025_lynx_40
3768,LynxID2025_lynx_60
3793,new_individual
3794,LynxID2025_lynx_45
3808,LynxID2025_lynx_65
3822,LynxID2025_lynx_58
3823,LynxID2025_lynx_43
3836,LynxID2025_lynx_25
3837,new_individual
3849,LynxID2025_lynx_43
3861,LynxID2025_lynx_32
3862,LynxID2025_lynx_32
3866,LynxID2025_lynx_75
3867,LynxID2025_lynx_54
3874,new_individual
3876,LynxID2025_lynx_62
3887,LynxID2025_lynx_25
3897,LynxID2025_lynx_62
3900,LynxID2025_lynx_43
3902,LynxID2025_lynx_62
5291,SalamanderID2025_66
5292,SalamanderID2025_165
5293,SalamanderID2025_380
5294,SalamanderID2025_73
5295,SalamanderID2025_89
5296,SalamanderID2025_11
5297,SalamanderID2025_371
5298,SalamanderID2025_23
5299,SalamanderID2025_546
5300,SalamanderID2025_543
5301,SalamanderID2025_2
5302,SalamanderID2025_3
5303,SalamanderID2025_4
5304,SalamanderID2025_3
5305,SalamanderID2025_6
5306,SalamanderID2025_5
5307,SalamanderID2025_234
5308,SalamanderID2025_435
5309,SalamanderID2025_457
5310,SalamanderID2025_27
5311,SalamanderID2025_5
5312,SalamanderID2025_86
5313,SalamanderID2025_5
5314,SalamanderID2025_21
5315,SalamanderID2025_237
5316,SalamanderID2025_10
5317,SalamanderID2025_11
5318,SalamanderID2025_12
5319,SalamanderID2025_13
5320,SalamanderID2025_90
5321,SalamanderID2025_68
5322,SalamanderID2025_322
5323,SalamanderID2025_10
5324,SalamanderID2025_46
5325,SalamanderID2025_97
5326,SalamanderID2025_10
5327,SalamanderID2025_22
5328,SalamanderID2025_23
5329,SalamanderID2025_24
5330,SalamanderID2025_355
5331,SalamanderID2025_149
5332,SalamanderID2025_27
5333,SalamanderID2025_40
5334,SalamanderID2025_29
5335,SalamanderID2025_31
5336,SalamanderID2025_348
5337,SalamanderID2025_33
5338,SalamanderID2025_2
5339,SalamanderID2025_422
5340,SalamanderID2025_36
5341,SalamanderID2025_80
5342,SalamanderID2025_89
5343,SalamanderID2025_36
5344,SalamanderID2025_148
5345,SalamanderID2025_235
5346,SalamanderID2025_36
5347,SalamanderID2025_369
5348,SalamanderID2025_307
5349,SalamanderID2025_209
5350,SalamanderID2025_79
5351,SalamanderID2025_154
5352,SalamanderID2025_369
5353,SalamanderID2025_556
5354,SalamanderID2025_40
5355,SalamanderID2025_210
5356,SalamanderID2025_303
5357,SalamanderID2025_86
5358,SalamanderID2025_68
5359,SalamanderID2025_36
5360,SalamanderID2025_93
5361,SalamanderID2025_50
5362,SalamanderID2025_267
5363,SalamanderID2025_358
5364,SalamanderID2025_5
5365,SalamanderID2025_294
5366,SalamanderID2025_189
5367,SalamanderID2025_45
5368,SalamanderID2025_279
5369,SalamanderID2025_17
5370,SalamanderID2025_48
5371,SalamanderID2025_121
5372,SalamanderID2025_134
5373,SalamanderID2025_51
5374,SalamanderID2025_36
5375,SalamanderID2025_145
5376,SalamanderID2025_36
5377,SalamanderID2025_523
5378,SalamanderID2025_162
5379,SalamanderID2025_68
5380,SalamanderID2025_317
5381,SalamanderID2025_322
5382,SalamanderID2025_199
5383,SalamanderID2025_80
5384,SalamanderID2025_75
5385,SalamanderID2025_36
5386,SalamanderID2025_68
5387,SalamanderID2025_56
5388,SalamanderID2025_57
5389,SalamanderID2025_58
5390,SalamanderID2025_50
5391,SalamanderID2025_60
5392,SalamanderID2025_547
5393,SalamanderID2025_49
5394,SalamanderID2025_457
5395,SalamanderID2025_451
5396,SalamanderID2025_76
5397,SalamanderID2025_56
5398,SalamanderID2025_489
5399,SalamanderID2025_414
5400,SalamanderID2025_64
5401,SalamanderID2025_200
5402,SalamanderID2025_67
5403,SalamanderID2025_165
5404,SalamanderID2025_69
5405,SalamanderID2025_70
5406,SalamanderID2025_333
5407,SalamanderID2025_204
5408,SalamanderID2025_182
5409,SalamanderID2025_80
5410,SalamanderID2025_182
5411,SalamanderID2025_53
5412,SalamanderID2025_53
5413,SalamanderID2025_62
5414,SalamanderID2025_148
5415,SalamanderID2025_75
5416,SalamanderID2025_80
5417,SalamanderID2025_252
5418,SalamanderID2025_80
5419,SalamanderID2025_81
5420,SalamanderID2025_323
5421,SalamanderID2025_605
5422,SalamanderID2025_80
5423,SalamanderID2025_83
5424,SalamanderID2025_84
5425,SalamanderID2025_85
5426,SalamanderID2025_86
5427,SalamanderID2025_121
5428,SalamanderID2025_355
5429,SalamanderID2025_91
5430,SalamanderID2025_90
5431,SalamanderID2025_91
5432,SalamanderID2025_92
5433,SalamanderID2025_181
5434,SalamanderID2025_109
5435,SalamanderID2025_95
5436,SalamanderID2025_173
5437,SalamanderID2025_152
5438,SalamanderID2025_98
5439,SalamanderID2025_213
5440,SalamanderID2025_225
5441,SalamanderID2025_238
5442,SalamanderID2025_58
5443,SalamanderID2025_250
5444,SalamanderID2025_32
5445,SalamanderID2025_105
5446,SalamanderID2025_106
5447,SalamanderID2025_107
5448,SalamanderID2025_25
5449,SalamanderID2025_182
5450,SalamanderID2025_110
5451,SalamanderID2025_111
5452,SalamanderID2025_112
5453,SalamanderID2025_327
5454,SalamanderID2025_174
5455,SalamanderID2025_160
5456,SalamanderID2025_161
5457,SalamanderID2025_120
5458,SalamanderID2025_378
5459,SalamanderID2025_120
5460,SalamanderID2025_329
5461,SalamanderID2025_160
5462,SalamanderID2025_115
5463,SalamanderID2025_121
5464,SalamanderID2025_117
5465,SalamanderID2025_10
5466,SalamanderID2025_119
5467,SalamanderID2025_355
5468,SalamanderID2025_36
5469,SalamanderID2025_121
5470,SalamanderID2025_161
5471,SalamanderID2025_125
5472,SalamanderID2025_187
5473,SalamanderID2025_127
5474,SalamanderID2025_50
5475,SalamanderID2025_298
5476,SalamanderID2025_130
5477,SalamanderID2025_32
5478,SalamanderID2025_132
5479,SalamanderID2025_160
5480,SalamanderID2025_180
5481,SalamanderID2025_155
5482,SalamanderID2025_567
5483,SalamanderID2025_567
5484,SalamanderID2025_246
5485,SalamanderID2025_49
5486,SalamanderID2025_115
5487,SalamanderID2025_267
5488,SalamanderID2025_86
5489,SalamanderID2025_142
5490,SalamanderID2025_71
5491,SalamanderID2025_205
5492,SalamanderID2025_640
5493,SalamanderID2025_298
5494,SalamanderID2025_101
5495,SalamanderID2025_148
5496,SalamanderID2025_89
5497,SalamanderID2025_150
5498,SalamanderID2025_188
5499,SalamanderID2025_467
5500,SalamanderID2025_153
5501,SalamanderID2025_154
5502,SalamanderID2025_565
5503,SalamanderID2025_156
5504,SalamanderID2025_139
5505,SalamanderID2025_158
5506,SalamanderID2025_159
5507,SalamanderID2025_180
5508,SalamanderID2025_161
5509,SalamanderID2025_162
5510,SalamanderID2025_164
5511,SalamanderID2025_339
5512,SalamanderID2025_2
5513,SalamanderID2025_134
5514,SalamanderID2025_252
5515,SalamanderID2025_131
5516,SalamanderID2025_187
5517,SalamanderID2025_252
5518,SalamanderID2025_425
5519,SalamanderID2025_425
5520,SalamanderID2025_425
5521,SalamanderID2025_192
5522,SalamanderID2025_171
5523,SalamanderID2025_189
5524,SalamanderID2025_145
5525,SalamanderID2025_39
5526,SalamanderID2025_359
5527,SalamanderID2025_101
5528,SalamanderID2025_417
5529,SalamanderID2025_120
5530,SalamanderID2025_179
5531,SalamanderID2025_544
5532,SalamanderID2025_161
5533,SalamanderID2025_267
5534,SalamanderID2025_209
5535,SalamanderID2025_98
5536,SalamanderID2025_62
5537,SalamanderID2025_49
5538,SalamanderID2025_230
5539,SalamanderID2025_219
5540,SalamanderID2025_410
5541,SalamanderID2025_235
5542,SalamanderID2025_186
5543,SalamanderID2025_134
5544,SalamanderID2025_91
5545,SalamanderID2025_179
5546,SalamanderID2025_189
5547,SalamanderID2025_88
5548,SalamanderID2025_217
5549,SalamanderID2025_173
5550,SalamanderID2025_370
5551,SalamanderID2025_38
5552,SalamanderID2025_432
5553,SalamanderID2025_81
5554,SalamanderID2025_588
5555,SalamanderID2025_199
5556,SalamanderID2025_219
5557,SalamanderID2025_244
5558,SalamanderID2025_76
5559,SalamanderID2025_640
5560,SalamanderID2025_438
5561,SalamanderID2025_196
5562,SalamanderID2025_204
5563,SalamanderID2025_258
5564,SalamanderID2025_483
5565,SalamanderID2025_612
5566,SalamanderID2025_634
5567,SalamanderID2025_612
5568,SalamanderID2025_233
5569,SalamanderID2025_233
5570,SalamanderID2025_233
5571,SalamanderID2025_209
5572,SalamanderID2025_210
5573,SalamanderID2025_129
5574,SalamanderID2025_99
5575,SalamanderID2025_213
5576,SalamanderID2025_29
5577,SalamanderID2025_215
5578,SalamanderID2025_218
5579,SalamanderID2025_287
5580,SalamanderID2025_444
5581,SalamanderID2025_268
5582,SalamanderID2025_332
5583,SalamanderID2025_349
5584,SalamanderID2025_222
5585,SalamanderID2025_223
5586,SalamanderID2025_224
5587,SalamanderID2025_189
5588,SalamanderID2025_227
5589,SalamanderID2025_228
5590,SalamanderID2025_536
5591,SalamanderID2025_46
5592,SalamanderID2025_231
5593,SalamanderID2025_232
5594,SalamanderID2025_233
5595,SalamanderID2025_157
5596,SalamanderID2025_294
5597,SalamanderID2025_237
5598,SalamanderID2025_304
5599,SalamanderID2025_179
5600,SalamanderID2025_240
5601,SalamanderID2025_546
5602,SalamanderID2025_546
5603,SalamanderID2025_571
5604,SalamanderID2025_206
5605,SalamanderID2025_206
5606,SalamanderID2025_89
5607,SalamanderID2025_174
5608,SalamanderID2025_243
5609,SalamanderID2025_58
5610,SalamanderID2025_298
5611,SalamanderID2025_640
5612,SalamanderID2025_567
5613,SalamanderID2025_361
5614,SalamanderID2025_165
5615,SalamanderID2025_392
5616,SalamanderID2025_214
5617,SalamanderID2025_46
5618,SalamanderID2025_392
5619,SalamanderID2025_250
5620,SalamanderID2025_28
5621,SalamanderID2025_252
5622,SalamanderID2025_307
5623,SalamanderID2025_254
5624,SalamanderID2025_108
5625,SalamanderID2025_340
5626,SalamanderID2025_494
5627,SalamanderID2025_436
5628,SalamanderID2025_260
5629,SalamanderID2025_464
5630,SalamanderID2025_498
5631,SalamanderID2025_50
5632,SalamanderID2025_266
5633,SalamanderID2025_93
5634,SalamanderID2025_609
5635,SalamanderID2025_51
5636,SalamanderID2025_276
5637,SalamanderID2025_279
5638,SalamanderID2025_90
5639,SalamanderID2025_601
5640,SalamanderID2025_93
5641,SalamanderID2025_180
5642,SalamanderID2025_79
5643,SalamanderID2025_337
5644,SalamanderID2025_432
5645,SalamanderID2025_281
5646,SalamanderID2025_180
5647,SalamanderID2025_76
5648,SalamanderID2025_363
5649,SalamanderID2025_210
5650,SalamanderID2025_289
5651,SalamanderID2025_432
5652,SalamanderID2025_557
5653,SalamanderID2025_289
5654,SalamanderID2025_50
5655,SalamanderID2025_372
5656,SalamanderID2025_112
5657,SalamanderID2025_303
5658,SalamanderID2025_369
5659,SalamanderID2025_93
5660,SalamanderID2025_50
5661,SalamanderID2025_357
5662,SalamanderID2025_296
5663,SalamanderID2025_186
5664,SalamanderID2025_355
5665,SalamanderID2025_180
5666,SalamanderID2025_182
5667,SalamanderID2025_363
5668,SalamanderID2025_403
5669,SalamanderID2025_297
5670,SalamanderID2025_432
5671,SalamanderID2025_289
5672,SalamanderID2025_362
5673,SalamanderID2025_160
5674,SalamanderID2025_436
5675,SalamanderID2025_485
5676,SalamanderID2025_317
5677,SalamanderID2025_186
5678,SalamanderID2025_215
5679,SalamanderID2025_363
5680,SalamanderID2025_396
5681,SalamanderID2025_544
5682,SalamanderID2025_474
5683,SalamanderID2025_111
5684,SalamanderID2025_493
5685,SalamanderID2025_410
5686,SalamanderID2025_86
5687,SalamanderID2025_635
5688,SalamanderID2025_467
5689,SalamanderID2025_93
5690,SalamanderID2025_328
5691,SalamanderID2025_157
5692,SalamanderID2025_341
5693,SalamanderID2025_344
5694,SalamanderID2025_403
5695,SalamanderID2025_305
5696,SalamanderID2025_344
5697,SalamanderID2025_345
5698,SalamanderID2025_497
5699,SalamanderID2025_243
5700,SalamanderID2025_349
5701,SalamanderID2025_350
5702,SalamanderID2025_252
5703,SalamanderID2025_136
5704,SalamanderID2025_81
5705,SalamanderID2025_46
5706,SalamanderID2025_415
5707,SalamanderID2025_202
5708,SalamanderID2025_180
5709,SalamanderID2025_535
5710,SalamanderID2025_235
5711,SalamanderID2025_539
5712,SalamanderID2025_76
5713,SalamanderID2025_81
5714,SalamanderID2025_362
5715,SalamanderID2025_46
5716,SalamanderID2025_615
5717,SalamanderID2025_369
5718,SalamanderID2025_93
5719,SalamanderID2025_369
5720,SalamanderID2025_11
5721,SalamanderID2025_372
5722,SalamanderID2025_378
5723,SalamanderID2025_489
5724,SalamanderID2025_131
5725,SalamanderID2025_265
5726,SalamanderID2025_298
5727,new_individual
5728,SalamanderID2025_247
5729,SalamanderID2025_532
5730,SalamanderID2025_50
5731,SalamanderID2025_476
5732,SalamanderID2025_432
5733,SalamanderID2025_307
5734,SalamanderID2025_46
5735,SalamanderID2025_14
5736,SalamanderID2025_432
5737,SalamanderID2025_372
5738,SalamanderID2025_403
5739,SalamanderID2025_272
5740,SalamanderID2025_305
5741,SalamanderID2025_535
5742,SalamanderID2025_225
5743,SalamanderID2025_489
5744,SalamanderID2025_298
5745,SalamanderID2025_205
5746,SalamanderID2025_307
5747,SalamanderID2025_101
5748,SalamanderID2025_27
5749,SalamanderID2025_357
5750,SalamanderID2025_438
5751,SalamanderID2025_134
5752,SalamanderID2025_357
5753,SalamanderID2025_93
5754,SalamanderID2025_305
5755,SalamanderID2025_379
5756,SalamanderID2025_152
5757,SalamanderID2025_487
5758,SalamanderID2025_71
5759,SalamanderID2025_544
5760,SalamanderID2025_46
5761,SalamanderID2025_381
5762,SalamanderID2025_354
5763,SalamanderID2025_339
5764,SalamanderID2025_530
5765,SalamanderID2025_338
5766,SalamanderID2025_438
5767,SalamanderID2025_606
5768,SalamanderID2025_286
5769,SalamanderID2025_93
5770,SalamanderID2025_446
5771,SalamanderID2025_62
5772,SalamanderID2025_134
5773,SalamanderID2025_361
5774,new_individual
5775,SalamanderID2025_487
5776,SalamanderID2025_369
5777,SalamanderID2025_121
5778,SalamanderID2025_76
5779,SalamanderID2025_355
5780,SalamanderID2025_219
5781,SalamanderID2025_452
5782,SalamanderID2025_155
5783,SalamanderID2025_123
5784,SalamanderID2025_557
5785,SalamanderID2025_377
5786,SalamanderID2025_14
5787,SalamanderID2025_181
5788,SalamanderID2025_160
5789,SalamanderID2025_415
5790,SalamanderID2025_31
5791,SalamanderID2025_516
5792,SalamanderID2025_46
5793,SalamanderID2025_36
5794,SalamanderID2025_238
5795,SalamanderID2025_181
5796,SalamanderID2025_351
5797,SalamanderID2025_369
5798,SalamanderID2025_244
5799,SalamanderID2025_361
5800,SalamanderID2025_88
5801,SalamanderID2025_11
5802,SalamanderID2025_432
5803,SalamanderID2025_406
5804,SalamanderID2025_170
5805,SalamanderID2025_535
5806,SalamanderID2025_2
5807,SalamanderID2025_363
5808,SalamanderID2025_89
5809,SalamanderID2025_522
5810,SalamanderID2025_160
5811,SalamanderID2025_215
5812,SalamanderID2025_215
5813,SalamanderID2025_574
5814,SalamanderID2025_359
5815,SalamanderID2025_530
5816,SalamanderID2025_195
5817,SalamanderID2025_503
5818,SalamanderID2025_252
5819,SalamanderID2025_195
5820,SalamanderID2025_522
5821,SalamanderID2025_597
5822,SalamanderID2025_290
5823,SalamanderID2025_403
5824,SalamanderID2025_165
5825,SalamanderID2025_518
5826,SalamanderID2025_152
5827,SalamanderID2025_601
5828,SalamanderID2025_266
5829,SalamanderID2025_86
5830,SalamanderID2025_361
5831,SalamanderID2025_81
5832,new_individual
5833,SalamanderID2025_351
5834,SalamanderID2025_206
5835,SalamanderID2025_634
5836,SalamanderID2025_522
5837,SalamanderID2025_514
5838,SalamanderID2025_279
5839,SalamanderID2025_619
5840,SalamanderID2025_451
5841,SalamanderID2025_294
5842,SalamanderID2025_663
5843,SalamanderID2025_15
5844,SalamanderID2025_73
5845,SalamanderID2025_630
5846,SalamanderID2025_661
5847,SalamanderID2025_160
5848,SalamanderID2025_518
5849,SalamanderID2025_88
5850,SalamanderID2025_196
5851,SalamanderID2025_178
5852,SalamanderID2025_176
5853,SalamanderID2025_461
5854,SalamanderID2025_502
5855,SalamanderID2025_436
5856,SalamanderID2025_397
5857,SalamanderID2025_157
5858,SalamanderID2025_155
5859,SalamanderID2025_351
5860,SalamanderID2025_225
5861,SalamanderID2025_541
5862,SalamanderID2025_180
5863,new_individual
5864,SalamanderID2025_502
5865,SalamanderID2025_432
5866,SalamanderID2025_284
5867,SalamanderID2025_369
5868,SalamanderID2025_414
5869,SalamanderID2025_145
5870,SalamanderID2025_28
5871,SalamanderID2025_340
5872,SalamanderID2025_169
5873,SalamanderID2025_71
5874,SalamanderID2025_306
5875,SalamanderID2025_99
5876,SalamanderID2025_178
5877,SalamanderID2025_89
5878,SalamanderID2025_63
5879,SalamanderID2025_639
5880,SalamanderID2025_469
5881,SalamanderID2025_327
5882,SalamanderID2025_640
5883,SalamanderID2025_86
5884,SalamanderID2025_274
5885,SalamanderID2025_108
5886,SalamanderID2025_14
5887,SalamanderID2025_493
5888,SalamanderID2025_187
5889,SalamanderID2025_290
5890,SalamanderID2025_357
5891,SalamanderID2025_357
5892,SalamanderID2025_57
5893,SalamanderID2025_450
5894,SalamanderID2025_546
5895,SalamanderID2025_618
5896,SalamanderID2025_451
5897,SalamanderID2025_504
5898,new_individual
5899,SalamanderID2025_618
5900,SalamanderID2025_200
5901,SalamanderID2025_536
5902,SalamanderID2025_480
5903,SalamanderID2025_464
5904,SalamanderID2025_630
5905,SalamanderID2025_585
5906,SalamanderID2025_650
5907,SalamanderID2025_634
5908,SalamanderID2025_471
5909,SalamanderID2025_520
5910,SalamanderID2025_449
5911,SalamanderID2025_62
5912,SalamanderID2025_139
5913,SalamanderID2025_355
5914,new_individual
5915,SalamanderID2025_597
5916,SalamanderID2025_480
5917,SalamanderID2025_480
5918,SalamanderID2025_181
5919,SalamanderID2025_606
5920,SalamanderID2025_136
5921,SalamanderID2025_618
5922,SalamanderID2025_333
5923,SalamanderID2025_363
5924,SalamanderID2025_99
5925,SalamanderID2025_616
5926,SalamanderID2025_451
5927,SalamanderID2025_149
5928,SalamanderID2025_339
5929,new_individual
5930,SalamanderID2025_480
5931,SalamanderID2025_145
5932,SalamanderID2025_577
5933,SalamanderID2025_436
5934,SalamanderID2025_577
5935,SalamanderID2025_545
5936,SalamanderID2025_351
5937,SalamanderID2025_634
5938,SalamanderID2025_539
5939,SalamanderID2025_357
5940,SalamanderID2025_351
5941,SalamanderID2025_369
5942,SalamanderID2025_161
5943,SalamanderID2025_438
5944,SalamanderID2025_357
5945,SalamanderID2025_199
5946,SalamanderID2025_302
5947,SalamanderID2025_220
5948,SalamanderID2025_303
5949,SalamanderID2025_63
5950,SalamanderID2025_436
5951,SalamanderID2025_116
5952,SalamanderID2025_451
5953,SalamanderID2025_233
5954,SalamanderID2025_189
5955,SalamanderID2025_303
5956,SalamanderID2025_165
5957,SalamanderID2025_574
5958,new_individual
5959,SalamanderID2025_601
5960,SalamanderID2025_406
5961,SalamanderID2025_480
5962,SalamanderID2025_611
5963,SalamanderID2025_279
5964,SalamanderID2025_616
5965,SalamanderID2025_599
5966,SalamanderID2025_624
5967,SalamanderID2025_46
5968,SalamanderID2025_537
5969,SalamanderID2025_451
5970,SalamanderID2025_181
5971,SalamanderID2025_535
5972,SalamanderID2025_612
5973,SalamanderID2025_651
5974,SalamanderID2025_370
5975,SalamanderID2025_160
5976,SalamanderID2025_89
5977,SalamanderID2025_511
5978,SalamanderID2025_268
5979,SalamanderID2025_613
14709,SeaTurtleID2022_t302
14710,SeaTurtleID2022_t171
14711,new_individual
14712,new_individual
14713,new_individual
14714,SeaTurtleID2022_t202
14715,new_individual
14716,SeaTurtleID2022_t204
14717,new_individual
14718,new_individual
14719,SeaTurtleID2022_t407
14720,SeaTurtleID2022_t035
14721,new_individual
14722,SeaTurtleID2022_t270
14723,SeaTurtleID2022_t421
14724,SeaTurtleID2022_t257
14725,new_individual
14726,new_individual
14727,SeaTurtleID2022_t037
14728,new_individual
14729,SeaTurtleID2022_t266
14730,new_individual
14731,new_individual
14732,SeaTurtleID2022_t037
14733,SeaTurtleID2022_t497
14734,SeaTurtleID2022_t197
14735,new_individual
14736,new_individual
14737,SeaTurtleID2022_t142
14738,new_individual
14739,new_individual
14740,SeaTurtleID2022_t547
14741,new_individual
14742,new_individual
14743,SeaTurtleID2022_t288
14744,new_individual
14745,new_individual
14746,new_individual
14747,new_individual
14748,new_individual
14749,SeaTurtleID2022_t033
14750,SeaTurtleID2022_t567
14751,SeaTurtleID2022_t257
14752,new_individual
14753,new_individual
14754,SeaTurtleID2022_t141
14755,SeaTurtleID2022_t033
14756,new_individual
14757,SeaTurtleID2022_t309
14758,SeaTurtleID2022_t043
14759,new_individual
14760,new_individual
14761,new_individual
14762,new_individual
14763,new_individual
14764,new_individual
14765,SeaTurtleID2022_t033
14766,SeaTurtleID2022_t493
14767,new_individual
14768,SeaTurtleID2022_t028
14769,new_individual
14770,SeaTurtleID2022_t102
14771,new_individual
14772,new_individual
14773,new_individual
14774,SeaTurtleID2022_t029
14775,SeaTurtleID2022_t232
14776,new_individual
14777,SeaTurtleID2022_t065
14778,SeaTurtleID2022_t230
14779,new_individual
14780,new_individual
14781,new_individual
14782,SeaTurtleID2022_t028
14783,new_individual
14784,new_individual
14785,new_individual
14786,new_individual
14787,new_individual
14788,new_individual
14789,SeaTurtleID2022_t104
14790,new_individual
14791,SeaTurtleID2022_t020
14792,SeaTurtleID2022_t238
14793,SeaTurtleID2022_t257
14794,SeaTurtleID2022_t146
14795,SeaTurtleID2022_t254
14796,new_individual
14797,new_individual
14798,new_individual
14799,SeaTurtleID2022_t171
14800,new_individual
14801,new_individual
14802,new_individual
14803,new_individual
14804,SeaTurtleID2022_t243
14805,new_individual
14806,SeaTurtleID2022_t230
14807,new_individual
14808,SeaTurtleID2022_t385
14809,SeaTurtleID2022_t412
14810,new_individual
14811,SeaTurtleID2022_t241
14812,new_individual
14813,new_individual
14814,SeaTurtleID2022_t199
14815,new_individual
14816,new_individual
14817,new_individual
14818,new_individual
14819,SeaTurtleID2022_t553
14820,SeaTurtleID2022_t037
14821,SeaTurtleID2022_t033
14822,new_individual
14823,new_individual
14824,SeaTurtleID2022_t257
14825,new_individual
14826,SeaTurtleID2022_t386
14827,SeaTurtleID2022_t281
14828,new_individual
14829,new_individual
14830,new_individual
14831,new_individual
14832,SeaTurtleID2022_t202
14833,new_individual
14834,SeaTurtleID2022_t174
14835,SeaTurtleID2022_t121
14836,new_individual
14837,SeaTurtleID2022_t076
14838,new_individual
14839,SeaTurtleID2022_t141
14840,new_individual
14841,SeaTurtleID2022_t023
14842,SeaTurtleID2022_t396
14843,new_individual
14844,SeaTurtleID2022_t021
14845,new_individual
14846,SeaTurtleID2022_t078
14847,SeaTurtleID2022_t208
14848,new_individual
14849,new_individual
14850,new_individual
14851,new_individual
14852,SeaTurtleID2022_t396
14853,new_individual
14854,new_individual
14855,SeaTurtleID2022_t023
14856,new_individual
14857,SeaTurtleID2022_t171
14858,new_individual
14859,SeaTurtleID2022_t175
14860,new_individual
14861,SeaTurtleID2022_t028
14862,SeaTurtleID2022_t166
14863,SeaTurtleID2022_t232
14864,new_individual
14865,new_individual
14866,SeaTurtleID2022_t245
14867,new_individual
14868,SeaTurtleID2022_t141
14869,new_individual
14870,new_individual
14871,new_individual
14872,SeaTurtleID2022_t302
14873,new_individual
14874,SeaTurtleID2022_t204
14875,SeaTurtleID2022_t141
14876,new_individual
14877,new_individual
14878,SeaTurtleID2022_t286
14879,SeaTurtleID2022_t249
14880,new_individual
14881,SeaTurtleID2022_t243
14882,new_individual
14883,new_individual
14884,new_individual
14885,new_individual
14886,new_individual
14887,SeaTurtleID2022_t033
14888,new_individual
14889,SeaTurtleID2022_t376
14890,new_individual
14891,SeaTurtleID2022_t404
14892,SeaTurtleID2022_t119
14893,new_individual
14894,new_individual
14895,SeaTurtleID2022_t077
14896,new_individual
14897,SeaTurtleID2022_t020
14898,SeaTurtleID2022_t377
14899,new_individual
14900,new_individual
14901,new_individual
14902,SeaTurtleID2022_t232
14903,new_individual
14904,SeaTurtleID2022_t421
14905,SeaTurtleID2022_t174
14906,new_individual
14907,SeaTurtleID2022_t421
14908,new_individual
14909,new_individual
14910,SeaTurtleID2022_t102
14911,new_individual
14912,SeaTurtleID2022_t287
14913,new_individual
14914,new_individual
14915,SeaTurtleID2022_t354
14916,SeaTurtleID2022_t240
14917,SeaTurtleID2022_t029
14918,SeaTurtleID2022_t257
14919,SeaTurtleID2022_t410
14920,SeaTurtleID2022_t261
14921,SeaTurtleID2022_t234
14922,new_individual
14923,new_individual
14924,new_individual
14925,SeaTurtleID2022_t078
14926,SeaTurtleID2022_t043
14927,SeaTurtleID2022_t141
14928,SeaTurtleID2022_t157
14929,new_individual
14930,SeaTurtleID2022_t174
14931,SeaTurtleID2022_t243
14932,new_individual
14933,new_individual
14934,SeaTurtleID2022_t078
14935,SeaTurtleID2022_t125
14936,new_individual
14937,SeaTurtleID2022_t318
14938,new_individual
14939,SeaTurtleID2022_t029
14940,new_individual
14941,SeaTurtleID2022_t232
14942,new_individual
14943,SeaTurtleID2022_t230
14944,new_individual
14945,SeaTurtleID2022_t473
14946,SeaTurtleID2022_t202
14947,new_individual
14948,SeaTurtleID2022_t076
14949,new_individual
14950,new_individual
14951,new_individual
14952,new_individual
14953,new_individual
14954,SeaTurtleID2022_t020
14955,new_individual
14956,new_individual
14957,new_individual
14958,new_individual
14959,new_individual
14960,SeaTurtleID2022_t035
14961,SeaTurtleID2022_t197
14962,new_individual
14963,SeaTurtleID2022_t230
14964,SeaTurtleID2022_t257
14965,SeaTurtleID2022_t141
14966,new_individual
14967,new_individual
14968,SeaTurtleID2022_t254
14969,SeaTurtleID2022_t014
14970,SeaTurtleID2022_t232
14971,new_individual
14972,new_individual
14973,SeaTurtleID2022_t257
14974,SeaTurtleID2022_t287
14975,new_individual
14976,SeaTurtleID2022_t023
14977,SeaTurtleID2022_t232
14978,new_individual
14979,new_individual
14980,new_individual
14981,SeaTurtleID2022_t234
14982,new_individual
14983,new_individual
14984,new_individual
14985,new_individual
14986,SeaTurtleID2022_t261
14987,new_individual
14988,SeaTurtleID2022_t234
14989,new_individual
14990,SeaTurtleID2022_t243
14991,SeaTurtleID2022_t028
14992,new_individual
14993,SeaTurtleID2022_t065
14994,new_individual
14995,SeaTurtleID2022_t092
14996,new_individual
14997,new_individual
14998,new_individual
14999,new_individual
15000,new_individual
15001,SeaTurtleID2022_t020
15002,SeaTurtleID2022_t208
15003,new_individual
15004,new_individual
15005,SeaTurtleID2022_t021
15006,new_individual
15007,SeaTurtleID2022_t035
15008,new_individual
15009,SeaTurtleID2022_t171
15010,new_individual
15011,new_individual
15012,new_individual
15013,new_individual
15014,SeaTurtleID2022_t014
15015,SeaTurtleID2022_t029
15016,SeaTurtleID2022_t174
15017,new_individual
15018,SeaTurtleID2022_t077
15019,SeaTurtleID2022_t386
15020,SeaTurtleID2022_t101
15021,new_individual
15022,SeaTurtleID2022_t158
15023,SeaTurtleID2022_t276
15024,SeaTurtleID2022_t417
15025,new_individual
15026,SeaTurtleID2022_t099
15027,new_individual
15028,SeaTurtleID2022_t099
15029,new_individual
15030,new_individual
15031,new_individual
15032,new_individual
15033,SeaTurtleID2022_t208
15034,new_individual
15035,new_individual
15036,SeaTurtleID2022_t033
15037,new_individual
15038,new_individual
15039,new_individual
15040,SeaTurtleID2022_t276
15041,new_individual
15042,new_individual
15043,new_individual
15044,SeaTurtleID2022_t028
15045,SeaTurtleID2022_t158
15046,SeaTurtleID2022_t175
15047,new_individual
15048,SeaTurtleID2022_t261
15049,new_individual
15050,SeaTurtleID2022_t200
15051,SeaTurtleID2022_t141
15052,new_individual
15053,SeaTurtleID2022_t497
15054,SeaTurtleID2022_t254
15055,new_individual
15056,new_individual
15057,SeaTurtleID2022_t257
15058,new_individual
15059,new_individual
15060,new_individual
15061,new_individual
15062,new_individual
15063,new_individual
15064,SeaTurtleID2022_t261
15065,new_individual
15066,SeaTurtleID2022_t417
15067,SeaTurtleID2022_t174
15068,new_individual
15069,new_individual
15070,new_individual
15071,SeaTurtleID2022_t238
15072,SeaTurtleID2022_t232
15073,SeaTurtleID2022_t316
15074,SeaTurtleID2022_t528
15075,new_individual
15076,new_individual
15077,SeaTurtleID2022_t094
15078,new_individual
15079,new_individual
15080,SeaTurtleID2022_t567
15081,SeaTurtleID2022_t043
15082,SeaTurtleID2022_t266
15083,new_individual
15084,new_individual
15085,new_individual
15086,SeaTurtleID2022_t266
15087,new_individual
15088,new_individual
15089,new_individual
15090,new_individual
15091,SeaTurtleID2022_t281
15092,SeaTurtleID2022_t241
15093,SeaTurtleID2022_t567
15094,new_individual
15095,SeaTurtleID2022_t270
15096,new_individual
15097,SeaTurtleID2022_t221
15098,new_individual
15099,new_individual
15100,new_individual
15101,SeaTurtleID2022_t037
15102,new_individual
15103,SeaTurtleID2022_t276
15104,new_individual
15105,SeaTurtleID2022_t040
15106,SeaTurtleID2022_t230
15107,new_individual
15108,SeaTurtleID2022_t254
15109,new_individual
15110,new_individual
15111,SeaTurtleID2022_t386
15112,SeaTurtleID2022_t077
15113,new_individual
15114,SeaTurtleID2022_t043
15115,SeaTurtleID2022_t085
15116,new_individual
15117,SeaTurtleID2022_t240
15118,new_individual
15119,SeaTurtleID2022_t276
15120,new_individual
15121,new_individual
15122,new_individual
15123,SeaTurtleID2022_t099
15124,new_individual
15125,SeaTurtleID2022_t142
15126,SeaTurtleID2022_t240
15127,new_individual
15128,SeaTurtleID2022_t102
15129,new_individual
15130,SeaTurtleID2022_t301
15131,SeaTurtleID2022_t025
15132,new_individual
15133,new_individual
15134,SeaTurtleID2022_t301
15135,new_individual
15136,new_individual
15137,SeaTurtleID2022_t067
15138,new_individual
15139,new_individual
15140,SeaTurtleID2022_t035
15141,new_individual
15142,new_individual
15143,SeaTurtleID2022_t230
15144,SeaTurtleID2022_t037
15145,new_individual
15146,SeaTurtleID2022_t316
15147,new_individual
15148,SeaTurtleID2022_t234
15149,SeaTurtleID2022_t141
15150,new_individual
15151,new_individual
15152,SeaTurtleID2022_t197
15153,new_individual
15154,new_individual
15155,new_individual
15156,SeaTurtleID2022_t232
15157,SeaTurtleID2022_t007
15158,new_individual
15159,SeaTurtleID2022_t180
15160,SeaTurtleID2022_t175
15161,new_individual
15162,new_individual
15163,new_individual
15164,new_individual
15165,new_individual
15166,SeaTurtleID2022_t376
15167,SeaTurtleID2022_t232
15168,SeaTurtleID2022_t099
15169,new_individual
15170,new_individual
15171,new_individual
15172,new_individual
15173,SeaTurtleID2022_t035
15174,SeaTurtleID2022_t142
15175,SeaTurtleID2022_t567
15176,SeaTurtleID2022_t410
15177,SeaTurtleID2022_t065
15178,new_individual
15179,new_individual
15180,new_individual
15181,SeaTurtleID2022_t085
15182,new_individual
15183,SeaTurtleID2022_t276
15184,new_individual
15185,new_individual
15186,new_individual
15187,new_individual
15188,new_individual
15189,new_individual
15190,new_individual
15191,new_individual
15192,SeaTurtleID2022_t322
15193,SeaTurtleID2022_t410
15194,new_individual
15195,new_individual
15196,SeaTurtleID2022_t037
15197,SeaTurtleID2022_t171
15198,SeaTurtleID2022_t099
15199,new_individual
15200,new_individual
15201,new_individual
15202,new_individual
15203,SeaTurtleID2022_t146
15204,new_individual
15205,new_individual
15206,SeaTurtleID2022_t202
15207,SeaTurtleID2022_t421
15208,SeaTurtleID2022_t238
